{
    "scaled_features_min": [
        -1.550073214529686,
        -1.6405295663901227,
        -1.006321705064106,
        -2.141798680385621,
        -2.157439559882375,
        -2.2981600107651876,
        -1.9549344509427906,
        -0.9759527659143635,
        -0.48418202613504197,
        0.0,
        0.0,
        -0.5773502691896258,
        -1.2909944487358056
    ],
    "scaled_features_max": [
        1.0759331724382528,
        1.5995163272303718,
        1.8342175758969876,
        1.3858697343671664,
        1.0787197799411874,
        0.9784245590386454,
        1.2909944487358058,
        1.6265879431906058,
        2.54195563720897,
        0.0,
        0.0,
        1.7320508075688774,
        0.7745966692414834
    ],
    "clinical_features_list": [
        "age",
        "bmi",
        "opdur",
        "preop_na",
        "preop_bun",
        "preop_cr",
        "preop_k",
        "intraop_eph",
        "intraop_phe",
        "sex_M",
        "emop_Y",
        "preop_dm_Y",
        "preop_htn_Y"
    ],
    "std_scaler_mean": [
        71.625,
        23.299999999999997,
        151.5,
        140.25,
        17.0,
        1.0587499999999999,
        4.3625,
        13.125,
        40.0,
        0.0,
        0.0,
        0.25,
        0.625
    ],
    "std_scaler_std": [
        6.854514935427598,
        2.4382370680473215,
        70.05711955254797,
        1.984313483298443,
        3.7080992435478315,
        0.1648057568776042,
        0.33888604279314893,
        13.448396744593758,
        82.61355820929153,
        1.0,
        1.0,
        0.4330127018922193,
        0.4841229182759271
    ]
}